 ,Alg1_Vec,Alg1_For,Alg2_Vec,Alg2_For,Alg3_For,Alg3_ParFor@1,Alg3_ParFor@2,Alg3_ParFor@3,Alg3_ParFor@4
Digits #: 10
 1,0.000020,0.000006,0.000005,0.000002,0.000008,0.018905,0.023289,0.023133,0.016769
 2,0.000015,0.000005,0.000005,0.000002,0.000006,0.018682,0.020643,0.024619,0.024494
 3,0.000016,0.000005,0.000006,0.000002,0.000008,0.018688,0.021558,0.029980,0.029384
 4,0.000016,0.000005,0.000005,0.000002,0.000008,0.017792,0.021368,0.024220,0.017788
 5,0.000015,0.000005,0.000005,0.000003,0.000005,0.019578,0.020796,0.016065,0.025200
 6,0.000017,0.000005,0.000005,0.000002,0.000007,0.017852,0.018906,0.015858,0.012557
 7,0.000015,0.000003,0.000004,0.000002,0.000006,0.014307,0.033468,0.017530,0.016194
 8,0.000013,0.000004,0.000004,0.000002,0.000007,0.024206,0.019440,0.021953,0.025521
 9,0.000018,0.000005,0.000005,0.000002,0.000009,0.018785,0.021506,0.015189,0.024157
10,0.000031,0.000005,0.000005,0.000002,0.000006,0.017378,0.020340,0.016151,0.016768
11,0.000015,0.000005,0.000005,0.000003,0.000007,0.017961,0.019391,0.014188,0.015100
12,0.000018,0.000006,0.000005,0.000002,0.000007,0.019127,0.018552,0.015327,0.025675
13,0.000018,0.000006,0.000005,0.000002,0.000008,0.018191,0.019427,0.015085,0.023578
14,0.000015,0.000005,0.000005,0.000002,0.000008,0.018154,0.019611,0.027501,0.024864
15,0.000090,0.000029,0.000023,0.000013,0.000039,0.018955,0.018950,0.015015,0.023364
16,0.000016,0.000006,0.000004,0.000003,0.000008,0.017298,0.018427,0.014224,0.024092
17,0.000022,0.000010,0.000008,0.000005,0.000016,0.018773,0.030190,0.014136,0.016688
18,0.000024,0.000005,0.000005,0.000002,0.000007,0.018497,0.021290,0.032663,0.023770
19,0.000015,0.000005,0.000005,0.000002,0.000008,0.018142,0.019175,0.015185,0.017411
20,0.000019,0.000008,0.000008,0.000003,0.000009,0.019333,0.018212,0.015980,0.025989
21,0.000017,0.000005,0.000006,0.000003,0.000008,0.016946,0.022852,0.016063,0.024670
22,0.000016,0.000006,0.000005,0.000003,0.000008,0.018318,0.020374,0.016004,0.025638
23,0.000018,0.000006,0.000006,0.000002,0.000008,0.018244,0.019133,0.016012,0.016956
24,0.000020,0.000006,0.000005,0.000004,0.000008,0.018458,0.019582,0.022174,0.024248
25,0.000016,0.000005,0.000006,0.000003,0.000008,0.018102,0.019568,0.016779,0.025097
26,0.000016,0.000005,0.000006,0.000003,0.000008,0.018406,0.021718,0.024472,0.025440
27,0.000015,0.000004,0.000005,0.000002,0.000008,0.018746,0.018825,0.023853,0.016190
28,0.000017,0.000006,0.000005,0.000003,0.000009,0.024288,0.019235,0.015704,0.025242
29,0.000017,0.000005,0.000005,0.000002,0.000007,0.018772,0.018121,0.016007,0.025463
30,0.000076,0.000030,0.000013,0.000003,0.000006,0.018624,0.020998,0.013253,0.024384
31,0.000024,0.000006,0.000005,0.000003,0.000007,0.019619,0.021411,0.025042,0.016282
32,0.000015,0.000004,0.000005,0.000002,0.000007,0.019332,0.019302,0.023020,0.016668
33,0.000014,0.000004,0.000006,0.000002,0.000007,0.018215,0.020924,0.017198,0.025050
34,0.000025,0.000005,0.000005,0.000003,0.000008,0.019195,0.023309,0.016305,0.025184
35,0.000018,0.000005,0.000006,0.000003,0.000009,0.018793,0.021494,0.015621,0.029054
36,0.000016,0.000005,0.000005,0.000002,0.000008,0.018718,0.019929,0.016621,0.022270
37,0.000016,0.000005,0.000004,0.000002,0.000006,0.018226,0.020105,0.016669,0.024114
38,0.000018,0.000005,0.000005,0.000003,0.000008,0.018447,0.020674,0.025706,0.027314
39,0.000016,0.000006,0.000005,0.000002,0.000008,0.018773,0.019990,0.014786,0.024465
40,0.000018,0.000006,0.000006,0.000002,0.000008,0.019353,0.019061,0.022396,0.017667
41,0.000015,0.000005,0.000005,0.000002,0.000005,0.021306,0.023601,0.016900,0.026179
42,0.000016,0.000005,0.000005,0.000003,0.000008,0.018300,0.021031,0.016331,0.025136
43,0.000016,0.000005,0.000006,0.000003,0.000007,0.018979,0.018683,0.016703,0.028031
44,0.000017,0.000005,0.000005,0.000002,0.000008,0.017970,0.019062,0.015492,0.016966
45,0.000019,0.000005,0.000006,0.000003,0.000009,0.018339,0.024473,0.025779,0.022733
46,0.000015,0.000006,0.000005,0.000002,0.000006,0.016982,0.022458,0.014941,0.026244
47,0.000015,0.000005,0.000004,0.000003,0.000006,0.017892,0.022568,0.022158,0.018363
48,0.000017,0.000005,0.000005,0.000003,0.000007,0.018195,0.018962,0.014483,0.024331
49,0.000016,0.000005,0.000005,0.000003,0.000008,0.018316,0.020176,0.017755,0.025333
50,0.000022,0.000005,0.000004,0.000002,0.000008,0.019002,0.018596,0.016484,0.017415
51,0.000016,0.000005,0.000004,0.000003,0.000005,0.019892,0.021163,0.015364,0.023566
52,0.000016,0.000006,0.000005,0.000003,0.000006,0.018594,0.019641,0.016171,0.015905
53,0.000014,0.000004,0.000004,0.000002,0.000006,0.018455,0.018724,0.016840,0.017617
54,0.000017,0.000005,0.000005,0.000003,0.000007,0.018334,0.019421,0.014923,0.016910
55,0.000017,0.000005,0.000005,0.000003,0.000008,0.018551,0.019522,0.023178,0.024132
56,0.000018,0.000005,0.000005,0.000003,0.000008,0.018558,0.021115,0.013679,0.015983
57,0.000016,0.000008,0.000004,0.000003,0.000007,0.019028,0.022597,0.025652,0.025072
58,0.000017,0.000005,0.000005,0.000002,0.000008,0.018957,0.020433,0.016084,0.025426
59,0.000017,0.000005,0.000005,0.000002,0.000008,0.019298,0.021698,0.017033,0.025891
60,0.000016,0.000005,0.000005,0.000003,0.000008,0.019018,0.024011,0.016908,0.026426
61,0.000016,0.000005,0.000005,0.000002,0.000008,0.020706,0.021897,0.023221,0.025330
62,0.000019,0.000014,0.000009,0.000003,0.000007,0.019142,0.021859,0.016193,0.016451
63,0.000019,0.000006,0.000006,0.000003,0.000010,0.018385,0.019271,0.024753,0.033649
64,0.000017,0.000005,0.000005,0.000002,0.000007,0.018713,0.021867,0.016830,0.027633
65,0.000016,0.000005,0.000005,0.000003,0.000009,0.020087,0.020220,0.014871,0.024608
66,0.000018,0.000006,0.000006,0.000003,0.000009,0.018881,0.021720,0.015158,0.017302
67,0.000016,0.000005,0.000005,0.000003,0.000008,0.018741,0.021136,0.016386,0.017626
68,0.000014,0.000004,0.000005,0.000002,0.000007,0.018030,0.014378,0.025081,0.025430
69,0.000016,0.000005,0.000004,0.000002,0.000007,0.018418,0.020429,0.016705,0.025127
70,0.000016,0.000006,0.000005,0.000003,0.000006,0.020301,0.020549,0.041622,0.022320
71,0.000016,0.000005,0.000004,0.000003,0.000006,0.019516,0.021145,0.016375,0.026217
72,0.000017,0.000005,0.000005,0.000003,0.000007,0.017462,0.021357,0.016056,0.016753
73,0.000016,0.000005,0.000006,0.000002,0.000007,0.017757,0.020598,0.025437,0.025111
74,0.000017,0.000006,0.000005,0.000003,0.000007,0.019688,0.019984,0.016729,0.019542
75,0.000019,0.000006,0.000009,0.000003,0.000009,0.018340,0.018833,0.016529,0.027360
76,0.000015,0.000005,0.000005,0.000002,0.000008,0.019535,0.021427,0.016567,0.026091
77,0.000014,0.000006,0.000005,0.000003,0.000008,0.020030,0.021051,0.015837,0.025774
78,0.000016,0.000006,0.000005,0.000003,0.000007,0.018995,0.020848,0.015211,0.025889
79,0.000015,0.000005,0.000004,0.000003,0.000007,0.019158,0.020431,0.038386,0.040837
80,0.000019,0.000006,0.000005,0.000003,0.000008,0.018727,0.021117,0.018331,0.051482
81,0.000018,0.000005,0.000005,0.000002,0.000008,0.028955,0.020083,0.018369,0.024492
82,0.000018,0.000005,0.000005,0.000002,0.000009,0.018716,0.023817,0.015747,0.024145
83,0.000024,0.000005,0.000004,0.000002,0.000006,0.019018,0.020480,0.024214,0.026315
84,0.000017,0.000005,0.000005,0.000002,0.000008,0.019009,0.020941,0.017995,0.023507
85,0.000016,0.000005,0.000005,0.000003,0.000006,0.019433,0.021910,0.015728,0.025424
86,0.000019,0.000006,0.000005,0.000003,0.000008,0.018894,0.019735,0.016220,0.026274
87,0.000016,0.000005,0.000005,0.000003,0.000007,0.018733,0.020420,0.021653,0.024903
88,0.000017,0.000005,0.000005,0.000002,0.000007,0.018557,0.021035,0.016063,0.018208
89,0.000082,0.000026,0.000034,0.000011,0.000043,0.018577,0.018902,0.019075,0.023154
90,0.000016,0.000005,0.000005,0.000012,0.000008,0.019320,0.020246,0.015125,0.025493
91,0.000017,0.000005,0.000005,0.000003,0.000008,0.018598,0.021401,0.017215,0.017537
92,0.000016,0.000005,0.000005,0.000003,0.000008,0.017940,0.020285,0.023745,0.025923
93,0.000015,0.000004,0.000004,0.000003,0.000007,0.018551,0.019542,0.016082,0.025968
94,0.000016,0.000005,0.000006,0.000003,0.000008,0.019817,0.021350,0.016782,0.025120
95,0.000018,0.000005,0.000005,0.000003,0.000008,0.018853,0.021553,0.016474,0.024429
96,0.000086,0.000005,0.000004,0.000003,0.000008,0.019200,0.019946,0.015810,0.018070
97,0.000019,0.000007,0.000005,0.000004,0.000009,0.021036,0.020920,0.024515,0.025978
98,0.000016,0.000004,0.000006,0.000002,0.000008,0.019151,0.020156,0.016228,0.026039
99,0.000016,0.000005,0.000005,0.000003,0.000007,0.019716,0.020222,0.015834,0.025064
100,0.000016,0.000005,0.000005,0.000003,0.000008,0.019554,0.021458,0.015518,0.025895

Digits #: 100
 1,0.000019,0.000007,0.000007,0.000005,0.000014,0.019689,0.025473,0.029342,0.030796
 2,0.000018,0.000007,0.000008,0.000005,0.000013,0.020659,0.023765,0.021979,0.032618
 3,0.000022,0.000009,0.000009,0.000005,0.000013,0.020699,0.023483,0.030919,0.024574
 4,0.000027,0.000008,0.000007,0.000005,0.000012,0.019355,0.024332,0.023261,0.030737
 5,0.000019,0.000010,0.000009,0.000005,0.000012,0.019309,0.022785,0.029070,0.024517
 6,0.000019,0.000007,0.000008,0.000005,0.000012,0.019837,0.024587,0.023174,0.033778
 7,0.000023,0.000008,0.000009,0.000005,0.000014,0.020449,0.020806,0.024243,0.037651
 8,0.000052,0.000012,0.000116,0.000009,0.000015,0.021552,0.023328,0.022052,0.024517
 9,0.000019,0.000008,0.000009,0.000005,0.000015,0.020000,0.025602,0.022678,0.031963
10,0.000059,0.000008,0.000010,0.000006,0.000014,0.019179,0.022679,0.025276,0.023611
11,0.000018,0.000007,0.000007,0.000005,0.000013,0.020120,0.022430,0.022625,0.024071
12,0.000020,0.000009,0.000009,0.000005,0.000013,0.020638,0.023210,0.022757,0.031889
13,0.000018,0.000012,0.000008,0.000006,0.000013,0.020586,0.022735,0.028016,0.024255
14,0.000028,0.000007,0.000008,0.000005,0.000013,0.020192,0.022531,0.028889,0.030763
15,0.000036,0.000014,0.000019,0.000007,0.000015,0.020503,0.024259,0.023005,0.031955
16,0.000018,0.000008,0.000009,0.000006,0.000016,0.020560,0.023687,0.023741,0.031581
17,0.000018,0.000008,0.000008,0.000005,0.000013,0.022192,0.023878,0.022840,0.031390
18,0.000025,0.000012,0.000010,0.000007,0.000015,0.021134,0.023801,0.025978,0.036859
19,0.000026,0.000011,0.000011,0.000006,0.000017,0.020257,0.022419,0.022524,0.032791
20,0.000019,0.000008,0.000009,0.000006,0.000012,0.022775,0.024378,0.024732,0.032855
21,0.000021,0.000009,0.000012,0.000006,0.000014,0.020203,0.024793,0.028754,0.034031
22,0.000019,0.000008,0.000010,0.000010,0.000014,0.019726,0.023473,0.022866,0.032072
23,0.000023,0.000009,0.000010,0.000006,0.000016,0.019023,0.024419,0.021897,0.032528
24,0.000019,0.000008,0.000008,0.000005,0.000013,0.019483,0.022853,0.025555,0.031639
25,0.000031,0.000012,0.000009,0.000006,0.000012,0.020016,0.023317,0.023928,0.024749
26,0.000019,0.000007,0.000008,0.000005,0.000011,0.020036,0.022914,0.029866,0.027609
27,0.000020,0.000008,0.000008,0.000005,0.000014,0.019970,0.024648,0.029469,0.027639
28,0.000018,0.000007,0.000008,0.000005,0.000012,0.020303,0.023995,0.027700,0.027873
29,0.000023,0.000009,0.000008,0.000006,0.000014,0.019339,0.024915,0.024232,0.034472
30,0.000024,0.000018,0.000007,0.000005,0.000013,0.020201,0.023804,0.024213,0.032959
31,0.000023,0.000009,0.000010,0.000006,0.000016,0.019914,0.024279,0.027142,0.033387
32,0.000021,0.000009,0.000008,0.000005,0.000013,0.043413,0.021337,0.020640,0.029898
33,0.000022,0.000008,0.000007,0.000005,0.000013,0.017800,0.025773,0.021323,0.021830
34,0.000020,0.000008,0.000008,0.000006,0.000013,0.017773,0.022263,0.021511,0.021657
35,0.000021,0.000008,0.000008,0.000005,0.000013,0.017628,0.020383,0.024158,0.050863
36,0.000088,0.000023,0.000026,0.000012,0.000049,0.020688,0.033941,0.044258,0.053400
37,0.000021,0.000008,0.000007,0.000005,0.000013,0.037467,0.035313,0.054858,0.035566
38,0.000019,0.000008,0.000008,0.000005,0.000013,0.033716,0.031416,0.039024,0.029630
39,0.000019,0.000008,0.000008,0.000006,0.000013,0.019270,0.022906,0.021222,0.030005
40,0.000020,0.000007,0.000008,0.000005,0.000013,0.019517,0.021364,0.026419,0.019899
41,0.000019,0.000017,0.000008,0.000006,0.000013,0.017751,0.037111,0.063163,0.033286
42,0.000019,0.000008,0.000008,0.000006,0.000018,0.017907,0.034767,0.023025,0.029134
43,0.000032,0.000012,0.000014,0.000006,0.000015,0.018311,0.020984,0.029495,0.030472
44,0.000020,0.000008,0.000008,0.000005,0.000013,0.017966,0.032776,0.028613,0.027993
45,0.000019,0.000008,0.000008,0.000005,0.000014,0.017199,0.019461,0.017749,0.027733
46,0.000020,0.000007,0.000008,0.000005,0.000012,0.017677,0.020373,0.018978,0.027425
47,0.000018,0.000006,0.000008,0.000006,0.000012,0.017599,0.021065,0.020182,0.026458
48,0.000018,0.000008,0.000008,0.000005,0.000012,0.018729,0.020448,0.018611,0.027118
49,0.000018,0.000007,0.000008,0.000005,0.000012,0.018271,0.021933,0.026483,0.026716
50,0.000019,0.000007,0.000008,0.000005,0.000013,0.017115,0.019612,0.043863,0.029952
51,0.000021,0.000008,0.000008,0.000005,0.000014,0.019554,0.021859,0.054120,0.026514
52,0.000064,0.000023,0.000022,0.000010,0.000043,0.023926,0.022333,0.045059,0.033311
53,0.000021,0.000008,0.000008,0.000005,0.000013,0.019170,0.016221,0.052254,0.023813
54,0.000020,0.000008,0.000007,0.000005,0.000013,0.019464,0.022756,0.020104,0.026843
55,0.000017,0.000007,0.000008,0.000005,0.000013,0.017397,0.020312,0.023244,0.050222
56,0.000021,0.000008,0.000008,0.000005,0.000013,0.019332,0.023934,0.030619,0.037042
57,0.000022,0.000009,0.000009,0.000006,0.000012,0.018635,0.025064,0.056977,0.030908
58,0.000021,0.000008,0.000010,0.000005,0.000017,0.018722,0.022770,0.020165,0.046838
59,0.000019,0.000008,0.000009,0.000005,0.000012,0.022362,0.025614,0.020370,0.021413
60,0.000018,0.000008,0.000007,0.000005,0.000012,0.018647,0.021143,0.023391,0.024455
61,0.000039,0.000011,0.000011,0.000006,0.000015,0.018382,0.020097,0.029094,0.028471
62,0.000019,0.000007,0.000008,0.000005,0.000018,0.083030,0.058098,0.032856,0.027487
63,0.000019,0.000007,0.000009,0.000005,0.000011,0.029824,0.028029,0.028778,0.029799
64,0.000022,0.000008,0.000008,0.000005,0.000013,0.019774,0.021742,0.022054,0.044442
65,0.000019,0.000008,0.000008,0.000006,0.000013,0.022323,0.045995,0.032348,0.031211
66,0.000032,0.000012,0.000020,0.000009,0.000023,0.020422,0.024260,0.030641,0.034440
67,0.000049,0.000023,0.000034,0.000016,0.000060,0.020560,0.023513,0.026943,0.033661
68,0.000021,0.000008,0.000009,0.000018,0.000018,0.021618,0.024124,0.024834,0.031611
69,0.000040,0.000012,0.000031,0.000013,0.000055,0.021362,0.026974,0.036399,0.034565
70,0.000026,0.000009,0.000009,0.000005,0.000014,0.021118,0.023466,0.032890,0.035949
71,0.000028,0.000010,0.000010,0.000005,0.000020,0.021507,0.023913,0.030748,0.039891
72,0.000022,0.000008,0.000009,0.000005,0.000014,0.028032,0.021970,0.029349,0.029590
73,0.000023,0.000009,0.000009,0.000005,0.000016,0.018759,0.023253,0.021614,0.033150
74,0.000019,0.000007,0.000008,0.000005,0.000013,0.018988,0.019831,0.018772,0.028010
75,0.000018,0.000008,0.000007,0.000005,0.000015,0.019904,0.051395,0.043428,0.083846
76,0.000024,0.000008,0.000008,0.000005,0.000014,0.026081,0.031160,0.036758,0.036330
77,0.000018,0.000008,0.000007,0.000005,0.000011,0.098366,0.035090,0.034882,0.023957
78,0.000021,0.000007,0.000009,0.000005,0.000014,0.020132,0.023670,0.020833,0.030053
79,0.000021,0.000008,0.000048,0.000006,0.000013,0.019054,0.022464,0.038384,0.210530
80,0.000020,0.000007,0.000008,0.000005,0.000015,0.021803,0.020951,0.019841,0.022268
81,0.000019,0.000007,0.000009,0.000005,0.000014,0.018107,0.055354,0.030831,0.033495
82,0.000019,0.000008,0.000008,0.000005,0.000014,0.035171,0.021739,0.031766,0.060466
83,0.000028,0.000008,0.000008,0.000049,0.000018,0.021052,0.022455,0.060366,0.025076
84,0.000020,0.000007,0.000008,0.000005,0.000012,0.019922,0.022055,0.045927,0.029190
85,0.000021,0.000007,0.000008,0.000005,0.000012,0.023124,0.022709,0.020968,0.021639
86,0.000019,0.000008,0.000009,0.000005,0.000013,0.028838,0.024311,0.020397,0.028050
87,0.000019,0.000008,0.000007,0.000005,0.000014,0.034005,0.024099,0.032799,0.038864
88,0.000023,0.000009,0.000010,0.000006,0.000013,0.019555,0.021732,0.025514,0.032499
89,0.000025,0.000009,0.000009,0.000006,0.000013,0.021330,0.022096,0.024349,0.028242
90,0.000020,0.000007,0.000008,0.000005,0.000013,0.017953,0.020723,0.020428,0.026890
91,0.000019,0.000007,0.000008,0.000005,0.000016,0.019504,0.019311,0.029956,0.029012
92,0.000018,0.000007,0.000008,0.000005,0.000017,0.018242,0.020115,0.019901,0.031554
93,0.000018,0.000007,0.000008,0.000005,0.000013,0.047528,0.030537,0.023343,0.028873
94,0.000018,0.000011,0.000008,0.000006,0.000013,0.019006,0.022671,0.022840,0.023805
95,0.000019,0.000008,0.000008,0.000005,0.000012,0.021409,0.022629,0.025019,0.026073
96,0.000031,0.000008,0.000008,0.000005,0.000012,0.019055,0.020191,0.029289,0.031228
97,0.000020,0.000008,0.000008,0.000005,0.000014,0.020934,0.022532,0.019169,0.028522
98,0.000019,0.000007,0.000008,0.000005,0.000013,0.018556,0.033942,0.043469,0.033411
99,0.000023,0.000012,0.000009,0.000006,0.000016,0.021481,0.025694,0.031344,0.031289
100,0.000020,0.000008,0.000007,0.000006,0.000013,0.022834,0.024022,0.025428,0.027215

Digits #: 1000
 1,0.000089,0.000035,0.000045,0.000032,0.000044,0.019890,0.030073,0.031944,0.041635
 2,0.000075,0.000035,0.000044,0.000092,0.000050,0.050547,0.031104,0.023290,0.033067
 3,0.000081,0.000034,0.000045,0.000033,0.000047,0.022005,0.025350,0.022032,0.031985
 4,0.000100,0.000075,0.000091,0.000042,0.000051,0.036993,0.017495,0.020855,0.032344
 5,0.000075,0.000035,0.000030,0.000032,0.000043,0.018005,0.021757,0.020859,0.031486
 6,0.000075,0.000034,0.000042,0.000033,0.000044,0.018658,0.021130,0.020472,0.032790
 7,0.000079,0.000034,0.000046,0.000032,0.000044,0.018788,0.021726,0.022117,0.035697
 8,0.000081,0.000034,0.000047,0.000033,0.000044,0.018681,0.020731,0.021696,0.031794
 9,0.000073,0.000034,0.000035,0.000032,0.000041,0.018454,0.021096,0.020667,0.030286
10,0.000074,0.000035,0.000044,0.000032,0.000044,0.018655,0.021520,0.020481,0.031504
11,0.000074,0.000035,0.000036,0.000032,0.000042,0.019587,0.024000,0.021239,0.026013
12,0.000082,0.000034,0.000027,0.000032,0.000042,0.020704,0.021385,0.035067,0.032354
13,0.000078,0.000034,0.000043,0.000033,0.000047,0.018390,0.022112,0.016076,0.112671
14,0.000165,0.000034,0.000045,0.000032,0.000043,0.049927,0.023064,0.050623,0.031174
15,0.000077,0.000035,0.000046,0.000032,0.000046,0.078731,0.051884,0.041990,0.035883
16,0.000084,0.000038,0.000045,0.000033,0.000047,0.020477,0.023136,0.040093,0.028849
17,0.000097,0.000034,0.000030,0.000032,0.000044,0.019951,0.021456,0.021287,0.031630
18,0.000076,0.000036,0.000044,0.000032,0.000046,0.018988,0.029214,0.022899,0.090501
19,0.000083,0.000034,0.000046,0.000032,0.000048,0.021169,0.031192,0.030248,0.046338
20,0.000152,0.000037,0.000055,0.000039,0.000057,0.021502,0.028679,0.032708,0.032187
21,0.000075,0.000036,0.000045,0.000033,0.000045,0.019265,0.023649,0.032263,0.038713
22,0.000078,0.000036,0.000046,0.000032,0.000047,0.019351,0.022347,0.029447,0.034539
23,0.000103,0.000035,0.000029,0.000032,0.000042,0.021641,0.022135,0.032102,0.035515
24,0.000073,0.000034,0.000045,0.000039,0.000047,0.019020,0.022054,0.022333,0.031364
25,0.000074,0.000034,0.000044,0.000032,0.000044,0.019699,0.022194,0.031684,0.027089
26,0.000175,0.000037,0.000049,0.000217,0.000178,0.022053,0.029783,0.027745,0.083750
27,0.000115,0.000117,0.000172,0.000056,0.000084,0.022385,0.035903,0.045236,0.037674
28,0.000089,0.000036,0.000039,0.000032,0.000044,0.021689,0.030295,0.023696,0.025151
29,0.000071,0.000035,0.000027,0.000032,0.000043,0.019474,0.028121,0.024919,0.030447
30,0.000075,0.000034,0.000044,0.000032,0.000045,0.019185,0.021901,0.027443,0.031165
31,0.000073,0.000034,0.000043,0.000032,0.000044,0.020696,0.024983,0.047219,0.048484
32,0.000082,0.000035,0.000045,0.000032,0.000051,0.019563,0.022108,0.022582,0.044986
33,0.000113,0.000036,0.000037,0.000033,0.000051,0.025540,0.023450,0.023324,0.030929
34,0.000080,0.000034,0.000034,0.000032,0.000042,0.019860,0.022056,0.021969,0.030887
35,0.000082,0.000046,0.000073,0.000043,0.000080,0.019567,0.021715,0.024858,0.023592
36,0.000079,0.000035,0.000043,0.000032,0.000045,0.023583,0.023163,0.023360,0.030925
37,0.000074,0.000034,0.000045,0.000033,0.000045,0.020665,0.023901,0.028594,0.030675
38,0.000074,0.000034,0.000043,0.000032,0.000045,0.019514,0.026747,0.035868,0.033109
39,0.000074,0.000034,0.000046,0.000033,0.000044,0.021839,0.032880,0.071626,0.036437
40,0.000112,0.000036,0.000049,0.000033,0.000046,0.025263,0.030933,0.030808,0.036571
41,0.000083,0.000036,0.000043,0.000033,0.000046,0.021743,0.036557,0.032203,0.042753
42,0.000080,0.000035,0.000044,0.000032,0.000046,0.020719,0.022753,0.032670,0.032901
43,0.000087,0.000036,0.000045,0.000034,0.000046,0.026944,0.024778,0.029667,0.070240
44,0.000323,0.000067,0.000112,0.000048,0.000078,0.024961,0.033158,0.030743,0.035027
45,0.000077,0.000034,0.000044,0.000032,0.000046,0.020759,0.023288,0.030040,0.023910
46,0.000080,0.000034,0.000047,0.000033,0.000043,0.020354,0.021788,0.021002,0.035234
47,0.000078,0.000035,0.000045,0.000032,0.000046,0.019625,0.025391,0.030086,0.032748
48,0.000076,0.000035,0.000047,0.000033,0.000047,0.019565,0.022576,0.035800,0.031683
49,0.000088,0.000036,0.000035,0.000034,0.000056,0.023083,0.025423,0.037307,0.040667
50,0.000087,0.000037,0.000078,0.000033,0.000048,0.020788,0.026797,0.027587,0.032062
51,0.000082,0.000035,0.000046,0.000033,0.000044,0.020189,0.020550,0.032122,0.037818
52,0.001239,0.000038,0.000057,0.000033,0.000042,0.020648,0.022971,0.025699,0.032642
53,0.000079,0.000034,0.000045,0.000032,0.000044,0.019141,0.021297,0.022666,0.030932
54,0.000074,0.000035,0.000045,0.000033,0.000044,0.019276,0.021993,0.024476,0.031767
55,0.000068,0.000034,0.000035,0.000032,0.000043,0.019072,0.021899,0.030381,0.032232
56,0.000077,0.000034,0.000042,0.000032,0.000045,0.020547,0.021645,0.028012,0.033157
57,0.000076,0.000034,0.000044,0.000033,0.000047,0.038436,0.062689,0.084636,0.042808
58,0.000082,0.000037,0.000046,0.000032,0.000046,0.029042,0.024733,0.037159,0.038188
59,0.000086,0.000036,0.000048,0.000033,0.000046,0.024003,0.024629,0.023602,0.036741
60,0.000087,0.000035,0.000046,0.000032,0.000047,0.019898,0.024666,0.028504,0.036081
61,0.000072,0.000034,0.000043,0.000032,0.000045,0.019273,0.024204,0.022760,0.032581
62,0.000194,0.000035,0.000048,0.000033,0.000047,0.024507,0.021811,0.038405,0.062766
63,0.000076,0.000036,0.000044,0.000033,0.000044,0.023633,0.032230,0.056323,0.053573
64,0.000079,0.000036,0.000047,0.000032,0.000045,0.029402,0.034042,0.053259,0.041572
65,0.000114,0.000037,0.000048,0.000034,0.000046,0.022371,0.023873,0.031571,0.028223
66,0.000081,0.000036,0.000047,0.000033,0.000046,0.022461,0.022233,0.034889,0.032322
67,0.000076,0.000034,0.000043,0.000033,0.000046,0.019541,0.023039,0.023383,0.270880
68,0.000095,0.000037,0.000053,0.000033,0.000047,0.031399,0.026193,0.043861,0.030062
69,0.000083,0.000035,0.000047,0.000034,0.000047,0.022647,0.050658,0.030191,0.035774
70,0.000082,0.000036,0.000045,0.000033,0.000045,0.028866,0.033215,0.053183,0.035241
71,0.000079,0.000036,0.000046,0.000032,0.000046,0.023631,0.024667,0.046738,0.035502
72,0.000080,0.000034,0.000045,0.000031,0.000044,0.021319,0.055409,0.027588,0.036370
73,0.000079,0.000034,0.000046,0.000033,0.000049,0.035784,0.023859,0.040089,0.077947
74,0.000414,0.000036,0.000047,0.000032,0.000045,0.021899,0.030419,0.034842,0.039284
75,0.000080,0.000035,0.000045,0.000032,0.000048,0.021304,0.023726,0.022643,0.032314
76,0.000080,0.000034,0.000028,0.000032,0.000042,0.020137,0.021553,0.048961,0.034430
77,0.000080,0.000035,0.000046,0.000032,0.000045,0.021658,0.024673,0.039491,0.033201
78,0.000081,0.000036,0.000030,0.000032,0.000043,0.021650,0.030980,0.030199,0.028507
79,0.000097,0.000037,0.000050,0.000033,0.000045,0.021233,0.023605,0.024623,0.025351
80,0.000098,0.000034,0.000029,0.000032,0.000043,0.019729,0.021913,0.018931,0.044482
81,0.000078,0.000034,0.000046,0.000031,0.000045,0.020516,0.021812,0.022853,0.081347
82,0.000085,0.000036,0.000044,0.000032,0.000045,0.023591,0.026642,0.031156,0.037949
83,0.000077,0.000035,0.000045,0.000032,0.000045,0.022079,0.026725,0.035260,0.032406
84,0.000077,0.000035,0.000044,0.000033,0.000048,0.018978,0.023702,0.033650,0.034620
85,0.000078,0.000034,0.000047,0.000033,0.000043,0.019827,0.034646,0.030575,0.040603
86,0.000078,0.000034,0.000046,0.000032,0.000054,0.019378,0.029534,0.021338,0.031616
87,0.000075,0.000034,0.000043,0.000032,0.000046,0.019054,0.022630,0.022263,0.025843
88,0.000108,0.000035,0.000036,0.000032,0.000045,0.019177,0.022169,0.027266,0.032332
89,0.000077,0.000035,0.000044,0.000032,0.000044,0.018944,0.025000,0.021117,0.031909
90,0.000076,0.000034,0.000042,0.000032,0.000044,0.020353,0.021295,0.021957,0.031886
91,0.000082,0.000035,0.000045,0.000032,0.000046,0.019637,0.023173,0.028481,0.032590
92,0.000077,0.000035,0.000046,0.000032,0.000045,0.019338,0.022274,0.022825,0.054226
93,0.000080,0.000036,0.000044,0.000032,0.000045,0.021798,0.024838,0.044331,0.032135
94,0.000084,0.000035,0.000043,0.000032,0.000044,0.019145,0.022280,0.027934,0.032666
95,0.000074,0.000034,0.000044,0.000032,0.000045,0.019510,0.023488,0.022354,0.033317
96,0.000082,0.000034,0.000044,0.000032,0.000046,0.019680,0.022290,0.024118,0.032274
97,0.000077,0.000034,0.000043,0.000032,0.000045,0.019354,0.022253,0.021254,0.026268
98,0.000084,0.000036,0.000030,0.000034,0.000046,0.019483,0.023735,0.022028,0.032288
99,0.000079,0.000036,0.000046,0.000033,0.000045,0.019299,0.024588,0.022777,0.028007
100,0.000095,0.000035,0.000028,0.000032,0.000043,0.019678,0.027206,0.023658,0.026933

Digits #: 10000
 1,0.000506,0.000313,0.000267,0.000306,0.000348,0.019810,0.023298,0.022211,0.028750
 2,0.000279,0.000309,0.000217,0.000313,0.000398,0.019801,0.023273,0.022790,0.026398
 3,0.000321,0.000323,0.000238,0.000312,0.000363,0.022920,0.022961,0.021946,0.026334
 4,0.000304,0.000309,0.000212,0.000311,0.000367,0.020001,0.023073,0.022584,0.032979
 5,0.000537,0.000307,0.001427,0.000303,0.000355,0.019491,0.023038,0.022315,0.032743
 6,0.000376,0.000304,0.000222,0.000308,0.000366,0.019858,0.023207,0.023018,0.026963
 7,0.000366,0.000312,0.000240,0.000314,0.000357,0.019411,0.023017,0.022196,0.028513
 8,0.000299,0.000310,0.000248,0.000314,0.000360,0.019391,0.023180,0.028674,0.028710
 9,0.000386,0.000317,0.000207,0.000306,0.000356,0.020161,0.022568,0.031731,0.031214
10,0.000329,0.000311,0.000261,0.000309,0.000419,0.020150,0.022714,0.029443,0.030950
11,0.000319,0.000309,0.000210,0.000306,0.000365,0.019850,0.024233,0.022741,0.033053
12,0.000505,0.000333,0.000266,0.000317,0.000386,0.020013,0.029243,0.022798,0.029378
13,0.000479,0.000301,0.000200,0.000310,0.000374,0.019668,0.023109,0.022474,0.029481
14,0.000362,0.000305,0.000225,0.000309,0.000367,0.019690,0.027601,0.022740,0.025935
15,0.000356,0.000312,0.000224,0.000308,0.000374,0.019918,0.022929,0.022177,0.032656
16,0.000363,0.000309,0.000266,0.000328,0.000358,0.019638,0.022607,0.021769,0.032315
17,0.000341,0.000306,0.000211,0.000320,0.000366,0.019361,0.022969,0.022179,0.033679
18,0.000329,0.000308,0.000206,0.000325,0.000369,0.019741,0.022063,0.022010,0.027125
19,0.000298,0.000325,0.000221,0.000317,0.000354,0.019607,0.023056,0.026723,0.027889
20,0.000328,0.000305,0.000242,0.000312,0.000369,0.021343,0.022963,0.027692,0.032003
21,0.000538,0.000304,0.000206,0.000307,0.000378,0.020141,0.023250,0.023213,0.032205
22,0.000331,0.000325,0.000207,0.000330,0.000377,0.019765,0.023088,0.022928,0.032924
23,0.000389,0.000304,0.000205,0.000307,0.000372,0.019990,0.029983,0.028921,0.028378
24,0.000318,0.000319,0.000211,0.000306,0.000344,0.019909,0.024772,0.026353,0.033045
25,0.000373,0.000302,0.000228,0.000313,0.000370,0.020490,0.022947,0.022473,0.033518
26,0.000348,0.000310,0.000243,0.000316,0.000355,0.020925,0.022405,0.022318,0.034774
27,0.000333,0.000313,0.000210,0.000309,0.000377,0.020103,0.025008,0.021773,0.032649
28,0.000427,0.000305,0.000256,0.000302,0.000376,0.019675,0.022820,0.027095,0.027345
29,0.000274,0.000327,0.000208,0.000328,0.000359,0.019808,0.025811,0.031674,0.032387
30,0.000350,0.000311,0.000219,0.000331,0.000360,0.019379,0.022578,0.032803,0.035095
31,0.000304,0.000318,0.000236,0.000312,0.000375,0.019777,0.023715,0.023400,0.028165
32,0.000272,0.000329,0.000248,0.000312,0.000376,0.020119,0.022646,0.023219,0.031823
33,0.000378,0.000304,0.000214,0.000300,0.000368,0.020009,0.023242,0.032398,0.033917
34,0.000376,0.000304,0.000244,0.000303,0.000376,0.020476,0.023135,0.028161,0.026501
35,0.000332,0.000310,0.000219,0.000306,0.000355,0.020483,0.023474,0.029185,0.032497
36,0.000374,0.000338,0.000225,0.000316,0.000370,0.020215,0.023179,0.027806,0.033256
37,0.000338,0.000307,0.000214,0.000318,0.000369,0.020278,0.023738,0.029211,0.030674
38,0.000511,0.000309,0.000242,0.000317,0.000335,0.019595,0.026501,0.027659,0.032982
39,0.000511,0.000306,0.000216,0.000309,0.000357,0.020483,0.023565,0.022228,0.032272
40,0.000338,0.000307,0.000224,0.000313,0.000407,0.020092,0.023494,0.023239,0.032330
41,0.000339,0.000309,0.000208,0.000322,0.000386,0.020397,0.023060,0.028766,0.031496
42,0.000338,0.000309,0.000217,0.000309,0.000364,0.019918,0.024434,0.022405,0.031988
43,0.000389,0.000308,0.000227,0.000306,0.000380,0.020057,0.022767,0.032813,0.028404
44,0.000273,0.000306,0.000215,0.000311,0.000352,0.020103,0.027845,0.031156,0.033062
45,0.000337,0.000327,0.000212,0.000309,0.000371,0.021153,0.023710,0.021941,0.028309
46,0.000321,0.000329,0.000270,0.000310,0.000351,0.022022,0.023018,0.032775,0.028100
47,0.000311,0.000328,0.000243,0.000319,0.000372,0.019988,0.023860,0.030073,0.034138
48,0.000389,0.000314,0.000222,0.000326,0.000361,0.020354,0.025421,0.023547,0.031824
49,0.000286,0.000340,0.000271,0.000320,0.000368,0.020800,0.027080,0.022163,0.034015
50,0.000343,0.000312,0.000276,0.000305,0.000404,0.019959,0.023463,0.032420,0.033059
51,0.000358,0.000326,0.000210,0.000308,0.000359,0.020874,0.023739,0.028360,0.033000
52,0.000344,0.000309,0.000227,0.000309,0.000370,0.021441,0.023694,0.022386,0.033511
53,0.000381,0.000310,0.000261,0.000317,0.000428,0.019887,0.024242,0.022836,0.032453
54,0.000347,0.000309,0.000313,0.000311,0.000375,0.021299,0.024713,0.023205,0.032524
55,0.000340,0.000309,0.000222,0.000311,0.000413,0.020301,0.023630,0.024245,0.037192
56,0.000342,0.000330,0.000219,0.000307,0.000375,0.020077,0.024203,0.028359,0.033221
57,0.000459,0.000316,0.000222,0.000294,0.000379,0.020646,0.023090,0.025141,0.027410
58,0.000332,0.000318,0.000259,0.000306,0.000408,0.019878,0.029294,0.024503,0.028537
59,0.000306,0.000308,0.000228,0.000307,0.000372,0.020605,0.027767,0.028216,0.033137
60,0.000336,0.000329,0.000218,0.000306,0.000386,0.020037,0.022425,0.030755,0.028921
61,0.000303,0.000310,0.000247,0.000308,0.000369,0.021079,0.023828,0.029215,0.032454
62,0.000338,0.000318,0.000267,0.000309,0.000375,0.020867,0.022942,0.028687,0.038017
63,0.000351,0.000309,0.000214,0.000311,0.000362,0.020229,0.026273,0.021862,0.027722
64,0.000304,0.000337,0.000273,0.000310,0.000383,0.020066,0.024032,0.025677,0.032765
65,0.000373,0.000303,0.000196,0.000294,0.000376,0.020593,0.023250,0.023378,0.029620
66,0.000349,0.000309,0.000233,0.000305,0.000373,0.020274,0.029239,0.022825,0.036170
67,0.000309,0.000315,0.000243,0.000316,0.000371,0.021421,0.023422,0.026151,0.029875
68,0.000363,0.000309,0.000209,0.000308,0.000408,0.019999,0.023487,0.029180,0.032938
69,0.000367,0.000323,0.000304,0.000334,0.000414,0.020476,0.023319,0.021821,0.033378
70,0.000351,0.000311,0.000215,0.000309,0.000362,0.020161,0.022974,0.028971,0.025307
71,0.000342,0.000308,0.000219,0.000311,0.000354,0.019912,0.023538,0.028304,0.033289
72,0.000347,0.000313,0.000218,0.000311,0.000363,0.019672,0.024270,0.023640,0.033719
73,0.000342,0.000308,0.000223,0.000306,0.000375,0.020528,0.022774,0.029072,0.028420
74,0.000302,0.000325,0.000254,0.000318,0.000361,0.020497,0.022718,0.024556,0.033874
75,0.000443,0.000303,0.000418,0.000318,0.000380,0.020490,0.023374,0.028945,0.033503
76,0.000333,0.000311,0.000232,0.000312,0.000529,0.020183,0.023889,0.036315,0.033234
77,0.000347,0.000308,0.000216,0.000305,0.000386,0.021591,0.024343,0.030618,0.034458
78,0.000374,0.000311,0.000223,0.000305,0.000370,0.021166,0.024824,0.029558,0.033804
79,0.000300,0.000347,0.000255,0.000309,0.000397,0.020535,0.038246,0.028498,0.030879
80,0.000366,0.000322,0.000207,0.000302,0.000373,0.023833,0.023500,0.029075,0.028850
81,0.000414,0.000379,0.000298,0.000314,0.000389,0.023390,0.027161,0.028821,0.033941
82,0.000336,0.000336,0.000224,0.000315,0.000362,0.020294,0.034919,0.018832,0.034793
83,0.000466,0.000308,0.000226,0.000311,0.000366,0.020290,0.024553,0.028398,0.033826
84,0.000365,0.000308,0.000214,0.000309,0.000360,0.020288,0.024388,0.023080,0.033479
85,0.000337,0.000328,0.000209,0.000309,0.000390,0.020383,0.023807,0.029085,0.033052
86,0.000372,0.000303,0.000278,0.000311,0.000359,0.020348,0.023812,0.029973,0.032106
87,0.000474,0.000306,0.000406,0.000328,0.000375,0.025605,0.024834,0.023410,0.028875
88,0.000287,0.000330,0.000222,0.000318,0.000367,0.020522,0.023946,0.029577,0.034727
89,0.000363,0.000318,0.000229,0.000313,0.000383,0.020320,0.023706,0.029341,0.033878
90,0.000403,0.000309,0.000390,0.000311,0.000368,0.020358,0.026184,0.030837,0.032486
91,0.000346,0.000366,0.000272,0.000305,0.000367,0.020431,0.024934,0.028798,0.035097
92,0.000338,0.000308,0.000217,0.000311,0.000354,0.020613,0.023554,0.029000,0.032252
93,0.000340,0.000308,0.000212,0.000306,0.000369,0.020866,0.023969,0.029403,0.034086
94,0.000335,0.000331,0.000216,0.000309,0.000407,0.020666,0.023653,0.028716,0.033487
95,0.000338,0.000308,0.000212,0.000311,0.000358,0.020451,0.022923,0.032198,0.033080
96,0.000513,0.000312,0.000237,0.000312,0.000389,0.019931,0.024514,0.023574,0.031815
97,0.000304,0.000329,0.000260,0.000307,0.000369,0.020673,0.024658,0.029316,0.032788
98,0.000354,0.000331,0.000216,0.000308,0.000376,0.021157,0.024291,0.029096,0.033744
99,0.000349,0.000328,0.000225,0.000306,0.000396,0.021128,0.024167,0.029062,0.032645
100,0.000346,0.000307,0.000224,0.000313,0.000362,0.021072,0.025112,0.021976,0.032478

Digits #: 100000
 1,0.002120,0.003131,0.001491,0.002975,0.003853,0.029410,0.025845,0.027507,0.036024
 2,0.002007,0.003109,0.002042,0.003092,0.003414,0.029377,0.024669,0.029698,0.035562
 3,0.002238,0.003066,0.001384,0.002861,0.003326,0.030166,0.026579,0.027682,0.037314
 4,0.002180,0.002988,0.001262,0.002976,0.003411,0.034370,0.025369,0.028225,0.033263
 5,0.002532,0.002990,0.001708,0.002972,0.003505,0.028512,0.024800,0.029780,0.034296
 6,0.002208,0.003082,0.001334,0.002910,0.003375,0.029979,0.027357,0.026755,0.037111
 7,0.002284,0.003055,0.001426,0.002915,0.003298,0.029659,0.025937,0.034480,0.031020
 8,0.002323,0.003124,0.001394,0.002890,0.003300,0.029423,0.025184,0.026842,0.032299
 9,0.002031,0.002984,0.001570,0.002854,0.003272,0.030429,0.025599,0.033110,0.036195
10,0.002313,0.003302,0.001637,0.002911,0.003403,0.029954,0.024243,0.037202,0.035808
11,0.002239,0.003029,0.001426,0.002858,0.003250,0.029879,0.024884,0.026515,0.030849
12,0.002191,0.003027,0.001507,0.002828,0.003288,0.030203,0.026771,0.031616,0.029293
13,0.002053,0.003007,0.001343,0.002952,0.003404,0.031093,0.026822,0.028027,0.036167
14,0.002168,0.003278,0.001469,0.002874,0.003295,0.029770,0.025332,0.035266,0.038086
15,0.002092,0.003106,0.001458,0.002887,0.003289,0.030364,0.025466,0.032384,0.037261
16,0.002489,0.003003,0.001715,0.003004,0.003437,0.028988,0.025618,0.027995,0.035652
17,0.002068,0.003448,0.001550,0.002796,0.003197,0.030540,0.024649,0.028761,0.031176
18,0.002105,0.003044,0.001417,0.002874,0.003500,0.030536,0.025905,0.036030,0.030192
19,0.002317,0.003081,0.001378,0.002925,0.003295,0.030346,0.025414,0.035279,0.036791
20,0.002022,0.002878,0.001371,0.002878,0.003375,0.029999,0.028775,0.026514,0.037406
21,0.002233,0.003058,0.001620,0.002847,0.003275,0.029872,0.025923,0.027058,0.035639
22,0.002041,0.003044,0.001403,0.002865,0.003322,0.030460,0.026468,0.032110,0.037307
23,0.002136,0.003036,0.001332,0.002896,0.003321,0.031023,0.025728,0.026906,0.040141
24,0.002030,0.002979,0.001324,0.003016,0.003410,0.030208,0.025309,0.030335,0.031782
25,0.002120,0.003208,0.001801,0.002868,0.003346,0.030242,0.025579,0.033860,0.036611
26,0.002093,0.003271,0.001477,0.002939,0.003432,0.030457,0.027886,0.027363,0.035476
27,0.002081,0.002966,0.001408,0.002912,0.003467,0.033315,0.025316,0.025997,0.030779
28,0.002041,0.003023,0.001400,0.002858,0.003323,0.030268,0.026477,0.032974,0.036802
29,0.002146,0.003111,0.001614,0.002874,0.003326,0.030090,0.025170,0.034173,0.030954
30,0.002105,0.003059,0.001465,0.002920,0.003382,0.029944,0.028708,0.032781,0.037712
31,0.002221,0.003342,0.001469,0.002932,0.003391,0.031402,0.026457,0.027630,0.029342
32,0.001972,0.003053,0.001448,0.002910,0.003287,0.029460,0.026369,0.033400,0.036676
33,0.002448,0.002995,0.001326,0.002962,0.003376,0.031088,0.024695,0.037676,0.031073
34,0.002113,0.003002,0.001600,0.003014,0.003327,0.030455,0.027051,0.027147,0.036284
35,0.002443,0.003227,0.001448,0.002907,0.003337,0.030238,0.028319,0.026380,0.036129
36,0.002182,0.003001,0.001439,0.002848,0.003300,0.030932,0.026067,0.029167,0.038679
37,0.002326,0.002921,0.001343,0.002896,0.003295,0.029934,0.026094,0.036306,0.039516
38,0.002074,0.002941,0.001361,0.002953,0.003387,0.030786,0.026226,0.026295,0.036177
39,0.002095,0.003033,0.001396,0.002893,0.003343,0.030454,0.026208,0.034018,0.035896
40,0.002043,0.003049,0.001431,0.002873,0.003308,0.034956,0.028106,0.036325,0.037264
41,0.002132,0.003053,0.001538,0.002993,0.004155,0.029355,0.026786,0.028029,0.044687
42,0.002182,0.003036,0.001400,0.002965,0.003403,0.030238,0.026080,0.027615,0.036235
43,0.002237,0.002967,0.001361,0.003060,0.003272,0.033610,0.027738,0.031166,0.036631
44,0.002378,0.003339,0.001795,0.002868,0.003315,0.030051,0.025096,0.026635,0.036885
45,0.002073,0.003077,0.001370,0.002879,0.003305,0.028856,0.026136,0.021702,0.035412
46,0.002081,0.003066,0.001340,0.002900,0.003407,0.030696,0.028116,0.030464,0.035347
47,0.002147,0.003029,0.001414,0.002797,0.003199,0.030865,0.025236,0.028974,0.036469
48,0.002074,0.003102,0.001360,0.002924,0.003308,0.030083,0.026198,0.027517,0.031574
49,0.002089,0.003187,0.001607,0.002858,0.003256,0.030496,0.025656,0.030646,0.036827
50,0.002078,0.003106,0.001382,0.002894,0.003340,0.030092,0.026782,0.033543,0.036873
51,0.002075,0.003060,0.001354,0.002884,0.003288,0.029791,0.026142,0.027542,0.031532
52,0.002101,0.003073,0.001369,0.002887,0.003697,0.031093,0.026398,0.027190,0.040336
53,0.002070,0.003173,0.001413,0.002966,0.003203,0.030589,0.027659,0.027191,0.035611
54,0.002461,0.003026,0.001377,0.002867,0.003300,0.030493,0.025131,0.027744,0.029297
55,0.002315,0.003172,0.001405,0.002826,0.003317,0.030397,0.026358,0.030826,0.036831
56,0.002154,0.003122,0.001449,0.002835,0.003369,0.032264,0.026467,0.021542,0.034380
57,0.002118,0.002995,0.001380,0.002849,0.003252,0.030405,0.028264,0.028357,0.031370
58,0.002096,0.002927,0.001438,0.002868,0.003308,0.030662,0.026709,0.027534,0.031061
59,0.002136,0.003259,0.001964,0.002880,0.003312,0.032682,0.026858,0.030364,0.032749
60,0.002186,0.003275,0.001507,0.002878,0.003311,0.030595,0.028365,0.032559,0.041091
61,0.002125,0.003077,0.001459,0.002852,0.003279,0.030825,0.026183,0.043706,0.034632
62,0.002064,0.003098,0.001431,0.002936,0.003468,0.030217,0.025298,0.027262,0.033185
63,0.002344,0.003269,0.001443,0.002994,0.003367,0.031215,0.025822,0.028389,0.031433
64,0.002249,0.003082,0.001396,0.002932,0.003373,0.030303,0.026584,0.030307,0.040554
65,0.002428,0.003311,0.001488,0.002784,0.003216,0.030235,0.028073,0.027148,0.038932
66,0.002155,0.003086,0.001411,0.002935,0.003470,0.030642,0.025384,0.032624,0.037296
67,0.002074,0.003032,0.001441,0.002909,0.003354,0.033240,0.026645,0.028563,0.035328
68,0.002158,0.002931,0.001439,0.002877,0.003344,0.030388,0.029004,0.033569,0.035594
69,0.002050,0.002952,0.001344,0.002962,0.003328,0.030911,0.026919,0.027181,0.031607
70,0.002063,0.003932,0.001917,0.002946,0.003392,0.030884,0.026438,0.028220,0.037194
71,0.002154,0.003044,0.001485,0.002865,0.003298,0.030262,0.027188,0.030694,0.029528
72,0.002108,0.002910,0.001363,0.002894,0.003513,0.030262,0.026269,0.028927,0.035539
73,0.002067,0.002984,0.001467,0.002941,0.003255,0.031558,0.027189,0.035524,0.037254
74,0.002091,0.003410,0.001433,0.002876,0.003368,0.030375,0.026666,0.035978,0.036144
75,0.002100,0.002967,0.001420,0.002805,0.003205,0.030360,0.029888,0.026823,0.037235
76,0.002081,0.002980,0.001339,0.002969,0.003415,0.030635,0.027310,0.031617,0.042063
77,0.002028,0.002969,0.001298,0.003070,0.003307,0.030421,0.026949,0.034825,0.037265
78,0.002074,0.002964,0.001385,0.002910,0.003220,0.032500,0.026528,0.027485,0.030436
79,0.002075,0.003059,0.001342,0.002965,0.003386,0.030862,0.026828,0.031990,0.036947
80,0.002105,0.003089,0.001368,0.002898,0.003338,0.030739,0.025892,0.027711,0.042717
81,0.002321,0.003164,0.001379,0.002928,0.003284,0.031381,0.025387,0.028161,0.036594
82,0.002690,0.003057,0.001438,0.002929,0.003375,0.030727,0.027363,0.036083,0.036867
83,0.002654,0.003055,0.001550,0.003002,0.003288,0.030910,0.025690,0.030165,0.046962
84,0.002059,0.002993,0.001751,0.002955,0.003497,0.030201,0.025822,0.032802,0.037515
85,0.002194,0.003137,0.001422,0.003029,0.003395,0.030918,0.027080,0.027470,0.035915
86,0.002090,0.003022,0.001557,0.002961,0.003346,0.031256,0.045462,0.028216,0.048850
87,0.002880,0.003021,0.001746,0.003002,0.003462,0.030396,0.029574,0.027903,0.035315
88,0.002483,0.003099,0.001417,0.002939,0.003372,0.030919,0.025974,0.033376,0.037746
89,0.002421,0.002975,0.001293,0.002964,0.003403,0.031624,0.026804,0.033234,0.030580
90,0.002261,0.002998,0.001414,0.002931,0.003383,0.031686,0.025530,0.030869,0.037081
91,0.002051,0.002911,0.001311,0.003446,0.003483,0.030461,0.026603,0.027751,0.037029
92,0.002111,0.002991,0.001442,0.003001,0.003331,0.029794,0.026680,0.032615,0.036545
93,0.002096,0.002962,0.001327,0.002947,0.003376,0.034232,0.026823,0.026978,0.040177
94,0.002083,0.003010,0.001425,0.002852,0.003389,0.030870,0.027581,0.033870,0.037148
95,0.002406,0.003097,0.001405,0.002847,0.003259,0.030211,0.026630,0.033303,0.037570
96,0.002044,0.002943,0.001672,0.002925,0.003318,0.033507,0.027171,0.027282,0.036358
97,0.002280,0.003076,0.001317,0.003007,0.003386,0.031109,0.026865,0.032379,0.036737
98,0.002376,0.003073,0.001399,0.002881,0.003320,0.030668,0.028494,0.026342,0.036963
99,0.002302,0.002922,0.001392,0.002831,0.003318,0.031109,0.026520,0.027297,0.038858
100,0.002094,0.003089,0.001401,0.002938,0.003449,0.030872,0.028151,0.030817,0.036542

Digits #: 1000000
 1,0.017251,0.029377,0.017049,0.029956,0.035494,0.075389,0.055294,0.053967,0.053554
 2,0.017064,0.030324,0.016644,0.030257,0.034793,0.076474,0.055748,0.053625,0.057565
 3,0.016768,0.029441,0.016466,0.029536,0.034010,0.076013,0.062119,0.059570,0.051683
 4,0.016355,0.030426,0.017191,0.030040,0.034414,0.078670,0.057684,0.054675,0.051534
 5,0.017823,0.030153,0.017309,0.030223,0.035175,0.075636,0.056900,0.055543,0.054120
 6,0.016836,0.030416,0.017747,0.030050,0.036191,0.076289,0.056168,0.057818,0.051923
 7,0.018916,0.030098,0.016831,0.030293,0.035506,0.075370,0.055733,0.055294,0.051999
 8,0.017025,0.030072,0.016230,0.030033,0.034353,0.076692,0.056255,0.058519,0.050779
 9,0.016311,0.030044,0.016864,0.029218,0.034558,0.076258,0.056026,0.055464,0.051115
10,0.016935,0.030320,0.017387,0.029413,0.035230,0.076335,0.055809,0.059094,0.053364
11,0.017684,0.030251,0.016798,0.030060,0.034808,0.075648,0.056087,0.058080,0.057832
12,0.016356,0.030222,0.018366,0.032064,0.035323,0.076117,0.057888,0.055397,0.052855
13,0.016970,0.030192,0.017065,0.029573,0.036215,0.076305,0.056759,0.058907,0.052240
14,0.016953,0.029659,0.018586,0.030199,0.036751,0.075950,0.058739,0.054127,0.052961
15,0.017021,0.030331,0.016118,0.029565,0.035413,0.075898,0.055201,0.058484,0.061649
16,0.017044,0.029069,0.018570,0.029208,0.036439,0.075606,0.057517,0.051817,0.052017
17,0.016666,0.029766,0.018749,0.029448,0.036594,0.076928,0.056266,0.057979,0.057125
18,0.017086,0.030066,0.016739,0.029562,0.034982,0.076960,0.057634,0.059453,0.051102
19,0.017250,0.030289,0.016445,0.030461,0.034480,0.075409,0.057024,0.056035,0.054508
20,0.016926,0.030290,0.016446,0.030239,0.035107,0.076196,0.055160,0.056050,0.057126
21,0.016913,0.029780,0.017383,0.029088,0.034230,0.075619,0.057056,0.055082,0.052065
22,0.016460,0.029061,0.018720,0.029252,0.036431,0.076152,0.056377,0.064117,0.067235
23,0.017331,0.030299,0.018949,0.029836,0.036610,0.077821,0.056219,0.056220,0.060569
24,0.016873,0.030259,0.017490,0.030034,0.034985,0.075203,0.055843,0.051786,0.052584
25,0.016621,0.030223,0.016954,0.029840,0.034762,0.075182,0.057589,0.054034,0.092752
26,0.025825,0.030781,0.019622,0.030266,0.036134,0.080728,0.055706,0.055906,0.052805
27,0.016998,0.029998,0.018452,0.030260,0.034785,0.075277,0.056039,0.057127,0.050854
28,0.017082,0.030185,0.016302,0.028903,0.034265,0.075033,0.056304,0.055488,0.050956
29,0.017843,0.029530,0.017494,0.029219,0.034174,0.078883,0.057433,0.053159,0.050422
30,0.016470,0.030082,0.016265,0.028943,0.034223,0.075605,0.055973,0.055451,0.052464
31,0.016918,0.029363,0.018564,0.029163,0.034114,0.075319,0.057770,0.062111,0.058835
32,0.017457,0.030320,0.016829,0.030016,0.035104,0.078762,0.056042,0.058140,0.051023
33,0.016319,0.030279,0.016521,0.029216,0.034193,0.076483,0.057987,0.053382,0.052051
34,0.016717,0.030429,0.019230,0.029944,0.036182,0.076380,0.057047,0.051608,0.062958
35,0.016190,0.029556,0.019343,0.029461,0.036823,0.077339,0.056300,0.054936,0.053778
36,0.017089,0.030414,0.016864,0.029990,0.034163,0.075117,0.056007,0.056076,0.051577
37,0.016285,0.030178,0.016716,0.029809,0.034772,0.076872,0.058526,0.052428,0.054113
38,0.016918,0.029889,0.018872,0.029885,0.035180,0.078753,0.057419,0.056920,0.051052
39,0.017153,0.030246,0.016411,0.029405,0.035024,0.077192,0.056259,0.053566,0.052183
40,0.018228,0.030367,0.016967,0.029593,0.034315,0.079476,0.056112,0.057624,0.061917
41,0.016903,0.030920,0.016288,0.029942,0.034382,0.076025,0.056135,0.061804,0.059805
42,0.017051,0.030358,0.017154,0.030183,0.035101,0.075908,0.055965,0.055160,0.052304
43,0.016966,0.030222,0.016771,0.029007,0.035641,0.076699,0.057014,0.055340,0.054775
44,0.016770,0.030190,0.016967,0.029659,0.034075,0.076128,0.065126,0.053638,0.058791
45,0.016933,0.030190,0.017674,0.029750,0.035337,0.075837,0.056916,0.055660,0.050952
46,0.016593,0.029462,0.016665,0.029909,0.034765,0.076201,0.057221,0.055855,0.053396
47,0.016639,0.029849,0.016871,0.029437,0.034055,0.077688,0.055033,0.054695,0.053859
48,0.016215,0.029994,0.016951,0.030373,0.034969,0.076657,0.056455,0.053420,0.053345
49,0.016993,0.030096,0.017012,0.030273,0.035397,0.076117,0.055796,0.068769,0.051225
50,0.016657,0.030067,0.017754,0.029459,0.035159,0.077494,0.056311,0.053669,0.062826
51,0.016607,0.030308,0.017166,0.030308,0.034766,0.076451,0.056219,0.054742,0.052265
52,0.016699,0.029151,0.015994,0.029335,0.035130,0.076827,0.054641,0.053287,0.051873
53,0.016947,0.030334,0.016449,0.030464,0.035528,0.077757,0.058903,0.063969,0.056817
54,0.016302,0.029487,0.016309,0.029726,0.035022,0.076600,0.057112,0.055151,0.064759
55,0.017058,0.030282,0.017619,0.029984,0.034696,0.077157,0.070365,0.054493,0.054335
56,0.020147,0.030388,0.017202,0.030489,0.035789,0.074984,0.057391,0.054504,0.052771
57,0.016489,0.030250,0.017133,0.029836,0.035564,0.077249,0.057687,0.056972,0.052358
58,0.016758,0.030273,0.016393,0.029026,0.034274,0.083538,0.059639,0.055396,0.057557
59,0.017461,0.030206,0.017271,0.030482,0.035845,0.079909,0.056266,0.060894,0.051922
60,0.017912,0.029785,0.020168,0.029902,0.036267,0.076110,0.056767,0.054575,0.066045
61,0.017045,0.030208,0.016152,0.030000,0.034096,0.079615,0.056873,0.057439,0.052070
62,0.017321,0.030125,0.017055,0.030031,0.036057,0.075149,0.056308,0.053544,0.061798
63,0.018739,0.030261,0.016355,0.029457,0.034691,0.076822,0.056263,0.052961,0.059661
64,0.017218,0.030129,0.016233,0.029862,0.035247,0.075243,0.056288,0.054617,0.052129
65,0.017271,0.030267,0.016766,0.029338,0.034657,0.075475,0.055977,0.053858,0.052324
66,0.016439,0.029919,0.016810,0.029119,0.034542,0.077758,0.055955,0.053075,0.055440
67,0.016495,0.030384,0.016581,0.030063,0.034541,0.076275,0.055859,0.056213,0.057816
68,0.016824,0.030138,0.019172,0.029657,0.034806,0.075515,0.057590,0.058900,0.051204
69,0.016855,0.030327,0.018707,0.028878,0.036982,0.077013,0.059512,0.066062,0.052186
70,0.017407,0.030078,0.016407,0.029311,0.033923,0.076312,0.055545,0.054688,0.051873
71,0.016225,0.030437,0.016509,0.029684,0.034658,0.076178,0.055440,0.054708,0.057529
72,0.016388,0.030187,0.016634,0.029218,0.034362,0.077746,0.057141,0.064517,0.063295
73,0.016930,0.030169,0.017003,0.029824,0.035285,0.078129,0.056916,0.052778,0.054848
74,0.017086,0.030012,0.018771,0.030198,0.036765,0.075657,0.057760,0.055941,0.052066
75,0.016262,0.030024,0.016702,0.030265,0.035055,0.075753,0.059226,0.063516,0.052614
76,0.016719,0.029471,0.019092,0.028766,0.034171,0.077921,0.056313,0.057946,0.051534
77,0.016877,0.029740,0.016452,0.030477,0.034644,0.075647,0.055936,0.056108,0.059999
78,0.017081,0.030304,0.016739,0.030117,0.036494,0.080046,0.056688,0.053422,0.052971
79,0.017448,0.030173,0.016185,0.029385,0.034787,0.075761,0.055770,0.057294,0.053064
80,0.016985,0.030155,0.017176,0.029485,0.034433,0.076533,0.057800,0.055836,0.062130
81,0.016494,0.030171,0.018125,0.029227,0.035877,0.076344,0.056719,0.059200,0.057028
82,0.017459,0.030272,0.016696,0.029509,0.034954,0.077214,0.056405,0.053562,0.051877
83,0.016892,0.030197,0.018138,0.029379,0.034379,0.075838,0.057005,0.055059,0.055108
84,0.017149,0.029433,0.017041,0.028927,0.034446,0.077367,0.057023,0.057842,0.054355
85,0.016905,0.029691,0.016814,0.029869,0.035108,0.076185,0.058014,0.056863,0.053196
86,0.016547,0.030073,0.019000,0.029068,0.036754,0.078341,0.056905,0.055600,0.053033
87,0.016776,0.030043,0.016821,0.029933,0.034264,0.077440,0.056878,0.053043,0.054252
88,0.016866,0.030336,0.016653,0.029955,0.035494,0.077890,0.057822,0.057208,0.066990
89,0.021544,0.030523,0.016363,0.029723,0.035716,0.078380,0.057339,0.057196,0.052631
90,0.017295,0.029659,0.017124,0.029735,0.035190,0.076749,0.056514,0.055081,0.052703
91,0.016440,0.030000,0.016440,0.029683,0.034279,0.075921,0.056718,0.056029,0.054994
92,0.016506,0.030030,0.016175,0.029299,0.034467,0.077183,0.059784,0.059282,0.052485
93,0.017008,0.030217,0.016744,0.029510,0.034624,0.078175,0.056924,0.059202,0.051082
94,0.017215,0.030290,0.017490,0.030384,0.035360,0.077439,0.056765,0.055151,0.058071
95,0.016328,0.029868,0.016835,0.029524,0.034969,0.077112,0.056729,0.052986,0.052529
96,0.017338,0.029611,0.017514,0.030672,0.036048,0.077645,0.056997,0.061243,0.052908
97,0.017035,0.030269,0.016769,0.030212,0.037237,0.076891,0.058113,0.054738,0.054136
98,0.016537,0.030268,0.018919,0.029628,0.037008,0.078018,0.056929,0.055678,0.052819
99,0.016329,0.029770,0.016158,0.028914,0.034660,0.076703,0.057830,0.057317,0.053476
100,0.017979,0.030190,0.016846,0.029409,0.034131,0.077919,0.056822,0.054600,0.057224

Digits #: 10000000
 1,0.157761,0.292734,0.160021,0.291687,0.345979,0.544532,0.371303,0.297297,0.290098
 2,0.157012,0.295600,0.161363,0.294012,0.343685,0.552682,0.357290,0.289957,0.280088
 3,0.158429,0.296209,0.158364,0.294067,0.340981,0.547367,0.352744,0.298725,0.279552
 4,0.157701,0.293796,0.156008,0.293450,0.341219,0.555529,0.353773,0.300648,0.270805
 5,0.160939,0.293655,0.159447,0.294236,0.341485,0.549260,0.368155,0.293805,0.277614
 6,0.161551,0.293186,0.160094,0.293119,0.342162,0.546347,0.368822,0.287328,0.292499
 7,0.159093,0.291409,0.171805,0.292004,0.341834,0.556221,0.354450,0.304204,0.278519
 8,0.163421,0.292461,0.157967,0.290385,0.344842,0.549045,0.369530,0.297859,0.271520
 9,0.163147,0.294322,0.159799,0.310143,0.342122,0.563314,0.351301,0.298115,0.306049
10,0.162190,0.292759,0.159508,0.294340,0.343461,0.545196,0.359771,0.290054,0.272651
11,0.164209,0.292237,0.159490,0.291965,0.351715,0.553413,0.369659,0.288583,0.278635
12,0.158734,0.293530,0.157842,0.292638,0.344445,0.547424,0.362252,0.296407,0.276958
13,0.158823,0.293906,0.159626,0.293334,0.342376,0.552969,0.355155,0.300983,0.269587
14,0.160942,0.293497,0.156664,0.293144,0.341655,0.552941,0.351467,0.298862,0.281109
15,0.161801,0.294825,0.158572,0.295593,0.340822,0.545142,0.358224,0.300032,0.292080
16,0.159631,0.292437,0.161256,0.293016,0.344310,0.557564,0.357137,0.302135,0.273601
17,0.158108,0.292648,0.160339,0.292729,0.343378,0.550311,0.361012,0.303655,0.275588
18,0.162387,0.294669,0.161126,0.295673,0.345028,0.543938,0.353786,0.298167,0.290267
19,0.177975,0.296010,0.156217,0.295820,0.347213,0.556588,0.359866,0.295466,0.275360
20,0.162609,0.294430,0.159825,0.296078,0.342323,0.549241,0.361239,0.299469,0.282683
21,0.157601,0.295269,0.156313,0.295914,0.343447,0.551830,0.354789,0.290421,0.276095
22,0.160358,0.293749,0.161723,0.292614,0.341473,0.550922,0.353501,0.300918,0.279172
23,0.157928,0.301396,0.158718,0.294305,0.342784,0.545213,0.364570,0.287810,0.288479
24,0.158724,0.296266,0.158491,0.294030,0.344186,0.550732,0.359803,0.300775,0.280044
25,0.159516,0.292044,0.157408,0.294282,0.341774,0.547732,0.350901,0.302440,0.286683
26,0.158288,0.295142,0.156187,0.295047,0.341741,0.557156,0.356668,0.299700,0.281300
27,0.158511,0.291465,0.160060,0.293419,0.345908,0.547747,0.358651,0.293111,0.280213
28,0.160779,0.295685,0.160316,0.293227,0.342810,0.548177,0.352958,0.292819,0.276521
29,0.190527,0.293889,0.173113,0.294411,0.339334,0.549472,0.359258,0.298045,0.280550
30,0.157252,0.297605,0.162300,0.296246,0.344095,0.550418,0.351544,0.296324,0.283412
31,0.161024,0.294571,0.158340,0.294139,0.340346,0.552518,0.357502,0.301673,0.278544
32,0.159282,0.294574,0.156594,0.305424,0.359962,0.549276,0.356315,0.287093,0.276216
33,0.160165,0.291851,0.157103,0.292344,0.342678,0.541462,0.357903,0.292356,0.294438
34,0.159967,0.291779,0.161019,0.293825,0.343954,0.548008,0.356188,0.294289,0.281066
35,0.160218,0.294360,0.160953,0.292736,0.340547,0.557069,0.355894,0.300944,0.294949
36,0.157568,0.293096,0.171468,0.292919,0.342528,0.547036,0.353766,0.322045,0.266391
37,0.165441,0.292438,0.158717,0.292422,0.341281,0.549087,0.366936,0.297668,0.278713
38,0.159319,0.295533,0.163403,0.303260,0.366604,0.575190,0.357933,0.292244,0.280418
39,0.167379,0.293880,0.156871,0.293003,0.346261,0.550025,0.361169,0.298109,0.281214
40,0.159036,0.298039,0.161755,0.299233,0.343817,0.545921,0.364736,0.297197,0.292600
41,0.160986,0.310738,0.161983,0.298227,0.341499,0.545960,0.344926,0.293537,0.285245
42,0.182229,0.298568,0.175764,0.296508,0.348270,0.546774,0.362873,0.293687,0.289471
43,0.154759,0.304102,0.173363,0.308487,0.354617,0.572576,0.363118,0.302850,0.305345
44,0.165883,0.297080,0.178622,0.295722,0.353084,0.562657,0.359746,0.303171,0.282831
45,0.167962,0.305065,0.168032,0.294323,0.347498,0.553589,0.367531,0.307692,0.296371
46,0.173059,0.304673,0.163113,0.295660,0.347850,0.559133,0.369712,0.318393,0.318470
47,0.170855,0.296625,0.171447,0.294182,0.353876,0.559472,0.364337,0.308042,0.275717
48,0.165784,0.299456,0.166330,0.295811,0.346618,0.560532,0.369721,0.304223,0.281943
49,0.167417,0.299307,0.169455,0.295270,0.347943,0.553049,0.371718,0.308072,0.302908
50,0.165943,0.297582,0.167173,0.295302,0.348989,0.556747,0.370280,0.385840,0.401118
51,0.197862,0.327559,0.200379,0.320997,0.388378,0.745381,0.520523,0.449148,0.420637
52,0.220497,0.322330,0.200878,0.318068,0.385665,0.716620,0.512493,0.425984,0.401482
53,0.206604,0.324551,0.203885,0.318588,0.387444,0.706504,0.517063,0.448131,0.415570
54,0.191002,0.332569,0.197237,0.318748,0.385894,0.696444,0.512110,0.434105,0.428198
55,0.210818,0.319813,0.200821,0.334343,0.389217,0.727941,0.478114,0.439237,0.417644
56,0.213466,0.329829,0.204001,0.329230,0.383483,0.737728,0.507386,0.417741,0.396302
57,0.224199,0.327691,0.201492,0.318431,0.390375,0.726074,0.490934,0.435639,0.388421
58,0.214354,0.319324,0.207454,0.319123,0.396004,0.702129,0.512111,0.449415,0.392732
59,0.196205,0.330475,0.196569,0.326088,0.383153,0.710416,0.542301,0.423779,0.412028
60,0.209818,0.333796,0.206580,0.320161,0.390133,0.700064,0.486644,0.435277,0.453595
61,0.213254,0.336923,0.214376,0.352317,0.399983,0.767815,0.557832,0.453558,0.401415
62,0.216359,0.327995,0.212755,0.327106,0.378758,0.708937,0.516676,0.436209,0.408749
63,0.225693,0.321451,0.224931,0.318713,0.381271,0.719814,0.531243,0.418044,0.411683
64,0.222663,0.319820,0.219355,0.321944,0.389140,0.702012,0.487765,0.418905,0.408609
65,0.218695,0.330135,0.216121,0.319951,0.378964,0.706334,0.502058,0.424971,0.412987
66,0.250129,0.318997,0.214356,0.315166,0.381671,0.708581,0.496841,0.433991,0.421474
67,0.216036,0.320755,0.207054,0.314239,0.389878,0.735597,0.529531,0.446147,0.428093
68,0.238286,0.338882,0.225344,0.331750,0.384350,0.728100,0.487911,0.444062,0.426928
69,0.231832,0.325630,0.224915,0.318276,0.384475,0.728708,0.519184,0.458091,0.418813
70,0.219623,0.335688,0.219292,0.322439,0.387122,0.720213,0.518537,0.422670,0.389680
71,0.213838,0.318694,0.225008,0.327389,0.379298,0.719512,0.485075,0.439341,0.403826
72,0.220097,0.326683,0.223437,0.321174,0.382111,0.720580,0.499134,0.418062,0.380635
73,0.230526,0.327446,0.225910,0.317005,0.383025,0.726174,0.510675,0.432382,0.377985
74,0.208647,0.328117,0.213330,0.313280,0.382309,0.729264,0.496245,0.426608,0.393021
75,0.265124,0.335814,0.215325,0.317260,0.383524,0.701986,0.510226,0.431826,0.393053
76,0.236495,0.319738,0.221341,0.323109,0.381999,0.710646,0.480501,0.432663,0.404788
77,0.215821,0.319813,0.225271,0.317394,0.383243,0.711579,0.482330,0.445082,0.391628
78,0.220845,0.319331,0.228431,0.316361,0.380595,0.725779,0.524267,0.446159,0.389223
79,0.230989,0.321844,0.228461,0.320166,0.383341,0.713378,0.482815,0.465364,0.397715
80,0.223562,0.322723,0.227158,0.316857,0.380121,0.726057,0.507187,0.442842,0.403926
81,0.226186,0.321459,0.212790,0.318067,0.383250,0.735032,0.520795,0.418149,0.425694
82,0.222491,0.325907,0.219962,0.314642,0.382940,0.714079,0.471812,0.431198,0.398080
83,0.224695,0.323632,0.225363,0.317586,0.396945,0.725891,0.499230,0.429839,0.427631
84,0.223292,0.322265,0.227438,0.324600,0.385155,0.741448,0.491486,0.445536,0.375190
85,0.215086,0.321367,0.222853,0.320339,0.379677,0.733714,0.503844,0.445779,0.423461
86,0.231918,0.330294,0.223989,0.326201,0.392479,0.725842,0.533376,0.413282,0.396705
87,0.216928,0.334647,0.214259,0.316876,0.379250,0.712087,0.510965,0.437997,0.389874
88,0.243132,0.322088,0.228230,0.323536,0.381288,0.704337,0.500353,0.431474,0.437680
89,0.227841,0.318503,0.225656,0.320489,0.375066,0.710992,0.501545,0.438204,0.414074
90,0.220644,0.321029,0.224234,0.320547,0.376974,0.743548,0.531125,0.424376,0.409085
91,0.225750,0.325216,0.236186,0.350025,0.399993,0.726371,0.526544,0.437345,0.406084
92,0.251065,0.319777,0.214638,0.323630,0.380357,0.722606,0.519514,0.416637,0.382313
93,0.222821,0.329009,0.227224,0.321026,0.383955,0.725360,0.495000,0.430827,0.393968
94,0.213628,0.335319,0.209712,0.319039,0.382125,0.724568,0.509031,0.428465,0.430484
95,0.224391,0.320217,0.227809,0.319671,0.381308,0.702666,0.511997,0.435781,0.394698
96,0.214098,0.317758,0.219540,0.323007,0.380403,0.737309,0.487176,0.419909,0.409671
97,0.223300,0.317413,0.220115,0.325412,0.383238,0.704182,0.496765,0.450366,0.398116
98,0.208582,0.315781,0.230229,0.312467,0.391121,0.737411,0.503346,0.438835,0.384058
99,0.212952,0.334585,0.225588,0.318875,0.380667,0.728021,0.525674,0.435100,0.437144
100,0.233620,0.322550,0.224682,0.316635,0.388588,0.719994,0.506092,0.426504,0.412036

Digits #: 100000000
 1,3.105489,3.905337,2.801861,3.299263,3.978812,11.198632,7.620523,5.871528,5.670578
 2,2.888534,3.762768,2.585345,3.304416,4.020921,7.759863,5.254455,4.306067,4.204542
 3,2.112241,3.032902,1.959389,2.988147,3.517373,6.398879,5.109059,3.648335,3.491678
 4,2.046752,3.027523,1.990640,3.022866,3.550808,5.756837,3.565413,3.310573,3.126901
 5,2.053163,3.032665,2.096335,3.004950,3.493682,5.704456,4.112603,3.314611,3.127461
 6,2.068550,3.048463,2.005332,3.020184,3.528713,5.699504,3.746742,3.008304,2.895780
 7,2.066643,3.018413,2.068303,3.004744,3.464267,5.648283,3.891458,3.351717,2.917776
 8,2.067151,3.041348,2.024228,3.003331,3.517709,5.703288,3.789593,3.236112,3.290874
 9,2.063400,3.008840,2.041485,2.998360,3.531179,5.607380,3.848223,3.242876,3.817251
10,2.038301,2.968902,2.024410,2.968924,3.487248,5.499311,3.930686,3.237312,2.953895
11,2.077016,3.025870,2.049913,3.003751,3.479253,5.632585,3.873696,3.329189,2.960831
12,2.085913,2.997935,2.083653,2.995929,3.540669,5.562309,4.097001,3.303841,3.111123
13,2.099691,3.011623,2.104586,2.995662,3.591630,5.657471,3.913691,3.168365,3.050044
14,2.123432,3.025010,2.062083,3.001173,3.556574,5.674491,3.940488,3.117346,2.863029
15,2.054523,3.017606,2.052048,3.001296,3.518676,5.644528,3.726699,3.156090,2.952414
16,2.085091,3.007570,2.033718,2.965632,3.507881,5.951317,3.684580,3.298179,3.226074
17,2.054605,3.068012,2.094696,3.005449,3.513483,5.673456,4.030116,3.302439,2.955788
18,2.070985,3.031430,2.082262,3.022194,3.563041,5.651757,3.800535,3.068961,2.829046
19,2.118513,3.009773,2.113198,3.001538,3.516962,5.703188,3.794926,2.902239,2.924514
20,2.072810,3.043753,2.052412,3.000382,3.562855,5.660554,4.259967,3.113103,2.990630
21,2.059968,3.022306,2.297901,3.005225,3.545227,5.668146,3.758694,3.100828,3.043099
22,2.089214,3.015540,2.100027,2.997526,3.481393,5.695649,3.881190,2.994557,2.939696
23,2.072073,3.043258,2.085930,3.008317,3.548499,5.622756,4.026468,3.061597,3.054762
24,2.048398,3.013078,2.057774,2.999699,3.582064,5.598840,3.729603,3.133493,3.291995
25,2.089163,3.017989,2.079157,3.015050,3.526679,5.716751,3.938067,3.156616,2.935837
26,2.084015,3.007625,2.067477,3.006711,3.547904,5.660969,4.190080,3.636516,2.949190
27,2.072860,3.126044,2.073274,3.021363,3.506736,6.010325,4.636756,3.225472,3.047373
28,2.067709,3.067931,2.058187,2.986594,3.535368,5.578964,3.890484,3.099800,3.162153
29,2.116631,3.025552,2.104873,2.978993,3.531954,5.610273,3.823702,3.281079,3.009829
30,2.066163,3.000543,2.078356,2.990861,3.507878,5.717139,3.568014,3.297066,2.925644
31,2.060802,3.024926,2.089488,2.996047,3.559771,5.606607,3.914684,3.196828,2.947849
32,2.087953,3.019841,2.073180,2.996693,3.510693,5.634031,3.960960,3.212637,3.157965
33,2.069407,3.014669,2.109816,2.966828,3.480744,5.586590,3.637679,3.171081,2.889810
34,2.069445,3.029829,2.085407,3.004635,3.558288,5.613218,3.832728,2.991817,2.899746
35,2.102160,3.052910,2.138450,3.020427,3.493303,5.627033,3.714965,3.106696,3.115401
36,2.139152,3.035765,2.133596,2.999066,3.506173,5.626658,3.711101,3.123031,3.081832
37,2.107873,3.011160,2.075172,2.997541,3.525790,5.604890,3.843381,3.233848,3.294148
38,2.107803,3.051529,2.060830,3.001540,3.554781,5.652730,3.860411,3.151226,3.070614
39,2.044300,3.011521,2.059398,3.004552,3.498711,5.573301,3.930821,3.059307,2.986323
40,2.120683,3.070843,2.104933,2.998659,3.568122,5.606355,3.802507,3.155301,2.923615
41,2.085016,3.020955,2.066643,2.998156,3.482835,5.624654,4.048438,3.124149,2.888803
42,2.074730,3.014435,2.121068,3.003408,3.482376,5.603043,3.720293,3.057807,3.034751
43,2.065108,3.030881,2.070658,2.990631,3.486328,5.610934,3.885226,3.289093,3.051954
44,2.108190,3.021193,2.056644,2.988046,3.481842,5.676841,3.700080,3.096943,2.776753
45,2.050381,2.991336,2.067750,3.038294,3.522184,5.644228,3.770317,3.066420,3.497788
46,2.146543,3.034943,2.080867,2.993338,3.565639,5.716473,4.121484,3.211691,3.166391
47,2.084414,3.040435,2.095379,3.002441,3.478012,5.720832,3.925901,3.017119,2.894899
48,2.125711,3.023194,2.085761,3.029845,3.474265,5.652220,3.670326,3.001195,3.243664
49,2.111397,3.021556,2.061997,2.971559,3.524657,5.959126,3.876496,3.084111,2.857987
50,2.066764,3.029990,2.067107,3.011007,3.572736,5.553139,3.716911,3.029057,2.797596
51,2.099260,3.024837,2.063041,2.997514,3.527661,5.618973,3.643457,3.053921,2.824962
52,2.148891,2.999218,2.130566,2.987061,3.489251,5.545769,3.739286,3.218610,2.857249
53,2.098817,3.021322,2.082976,2.985469,3.473001,5.600871,3.723026,3.065021,2.962220
54,2.226992,3.023583,2.110358,2.976382,3.569334,5.645507,3.972434,3.867068,2.954350
55,2.120254,3.036235,2.078849,3.018195,3.563076,5.709533,3.693471,3.214314,2.864408
56,2.067995,3.025063,2.101088,3.058334,3.569961,5.753430,4.206725,3.249217,3.229306
57,2.019743,3.026362,2.028505,2.999238,3.500199,5.695869,3.931636,3.241103,3.118500
58,2.279620,3.154091,2.100750,3.000094,3.509411,5.783166,4.041985,2.991749,3.048825
59,2.116869,3.047033,2.077205,2.996572,3.560768,6.045214,4.138508,3.287689,3.117966
60,2.120806,3.038990,2.122180,2.995995,3.551175,5.731616,3.783111,3.117599,3.181550
61,2.127305,3.041683,2.095159,3.002061,3.569917,6.106840,4.099773,3.111148,2.898153
62,2.136637,3.054479,2.100193,2.985016,3.562495,5.604047,4.086797,3.180715,2.851076
63,2.087381,3.042933,2.103137,3.008303,3.552259,5.600121,3.765195,3.010572,3.115106
64,2.102631,3.075082,2.115486,3.003047,3.524610,5.650028,3.851140,3.180770,2.921245
65,2.113941,3.015502,2.164863,3.006287,3.472658,5.590311,3.790597,3.064038,3.116351
66,2.120059,3.049006,2.141861,3.001577,3.499900,5.670582,3.597432,3.121751,3.002110
67,2.105067,3.025104,2.118197,2.994508,3.517778,5.688758,3.813628,3.171853,2.982285
68,2.080668,3.001982,2.040981,2.960651,3.484230,5.577817,3.770331,3.368537,2.976741
69,2.069452,3.010604,2.058070,2.995230,3.472691,5.665958,3.707309,3.230901,2.757926
70,2.097400,3.022741,2.086090,2.991986,3.525123,5.577353,3.991012,3.036956,2.882671
71,2.090639,3.007924,2.073954,2.978843,3.481484,5.634259,3.834839,3.055303,4.031547
72,2.177468,3.130627,2.127388,3.049515,3.532225,6.443158,5.362814,4.318315,3.663356
73,2.274699,3.119070,1.961291,3.048315,3.524954,5.936020,4.216018,3.183397,3.286077
74,2.153397,3.072887,2.110549,2.997544,3.485516,5.682814,4.093657,3.516945,3.708114
75,2.165649,3.121293,2.028825,3.009330,3.512968,6.082291,5.243041,3.404182,3.523414
76,2.114652,3.025194,1.992812,2.966251,3.534785,5.743768,4.030874,3.276018,3.216161
77,2.169545,3.076547,2.040971,2.997138,3.529118,5.965375,3.949525,3.448130,3.336879
78,2.094336,3.035704,2.045670,2.996076,3.563726,6.215779,5.141711,4.192689,3.452676
79,2.123368,3.013294,2.083154,3.030970,3.549365,6.293884,4.451475,4.812886,3.740039
80,2.196016,3.060821,2.029692,2.993512,3.513252,5.783578,3.674489,3.306937,2.975328
81,2.093123,3.039509,2.133996,3.065152,3.560768,5.606153,3.879898,3.310975,3.072522
82,2.112118,3.071083,2.122622,3.039293,3.559822,5.626163,3.808727,3.064979,2.872933
83,2.093185,3.044928,2.093201,3.022005,3.488615,5.630056,4.016543,3.244509,3.155295
84,2.084176,3.021878,2.089974,2.998391,3.555196,5.648534,3.736920,3.284406,3.237324
85,2.100884,3.022264,2.060816,2.974999,3.484585,5.606742,3.992696,3.289879,2.950017
86,2.080897,3.040759,2.106247,3.002736,3.572733,5.581428,3.590319,3.310317,3.023357
87,2.122549,3.024647,2.112698,3.010600,3.548581,5.640752,3.726096,3.100199,3.012815
88,2.113990,3.019566,2.075312,3.140655,3.602704,5.653668,3.729555,3.438931,2.847121
89,2.069582,3.017795,2.062822,2.996976,3.479140,5.734850,3.975527,3.362707,2.921008
90,2.080470,2.997904,2.137033,2.997848,3.547242,6.317528,4.152989,3.106745,2.834115
91,2.069993,3.047168,2.095769,3.039108,3.545674,5.798396,3.956944,3.321418,3.072817
92,2.098053,3.039472,2.066937,3.000031,3.590122,5.609082,3.849390,3.146212,2.940359
93,2.071964,3.017479,2.111512,2.997379,3.488929,5.657275,3.900952,3.150491,2.902836
94,2.102612,3.038156,2.115762,3.023294,3.495493,5.638668,3.882278,3.700733,2.934256
95,2.103364,3.027679,2.100856,2.971197,3.486674,5.745145,4.555655,3.283631,2.831275
96,2.079952,3.029764,2.111689,3.006336,3.540232,5.603796,3.829750,3.030019,2.944488
97,2.099001,3.019936,2.145997,3.015785,3.464069,5.581089,3.690615,3.125039,2.852143
98,2.133410,3.021667,2.083997,3.011804,3.494997,5.538617,3.705341,3.045121,2.879278
99,2.113546,3.031026,2.153468,3.001112,3.506147,5.636328,3.864459,2.984023,2.923712
100,2.074405,3.017785,2.073140,2.994907,3.476965,5.609279,3.843486,3.002697,2.970389
